{"1": 0.0295, "2": 0.24475, "3": 0.4155, "4": 0.4755, "5": 0.51475, "6": 0.56925, "7": 0.658, "8": 0.79375, "9": 0.9265, "10": 0.97775, "11": 0.99325, "12": 0.9985, "13": 1.0}