{"2": 0.448, "3": 0.73725, "4": 0.82675, "5": 0.89275, "6": 0.94275, "7": 0.97925, "8": 0.99525, "9": 0.99725, "10": 0.9985, "11": 0.99975, "29": 1.0}