{"1": 0.7611111111111111, "2": 0.9656565656565657, "3": 0.9914141414141414, "4": 0.9954545454545455, "5": 0.9959595959595959}