{"1": 0.784, "2": 0.9635, "3": 0.98775, "4": 0.994, "5": 0.99625}