{"1": 0.7595, "2": 0.89625, "3": 0.97125, "4": 0.9915, "5": 0.997}