{"1": 0.0375, "2": 0.1375, "3": 0.2545918367346939, "4": 0.39260204081632655, "5": 0.5096938775510204, "6": 0.6420918367346938, "7": 0.8028061224489796, "8": 0.9058673469387755, "9": 0.9668367346938775, "10": 0.9915816326530612, "11": 0.997704081632653, "12": 0.9997448979591836, "13": 1.0}