{"1": 0.8410714285714286, "2": 0.9589285714285715, "3": 0.9829081632653062, "4": 0.9918367346938776, "5": 0.9951530612244898}