{"1": 0.01875, "2": 0.0635, "3": 0.171, "4": 0.4255, "5": 0.643, "6": 0.8385, "7": 0.9475, "8": 0.98575, "9": 0.9965, "10": 0.9985, "11": 0.99925, "12": 0.99975, "13": 1.0}