{"2": 0.434, "3": 0.754, "4": 0.90675, "5": 0.9575, "6": 0.98225, "7": 0.993, "8": 0.99725, "9": 0.9995, "10": 0.99975, "29": 1.0}