{"1": 0.019444444444444445, "2": 0.19242424242424241, "3": 0.3840909090909091, "4": 0.5002525252525253, "5": 0.5755050505050505, "6": 0.6651515151515152, "7": 0.7611111111111111, "8": 0.8401515151515152, "9": 0.906060606060606, "10": 0.9517676767676768, "11": 0.9815656565656565, "12": 0.9931818181818182, "13": 0.998989898989899, "14": 0.9997474747474747, "15": 1.0}