{"2": 0.5156565656565657, "3": 0.8550505050505051, "4": 0.9419191919191919, "5": 0.9709595959595959, "6": 0.9888888888888889, "7": 0.9939393939393939, "8": 0.9954545454545455, "9": 0.996969696969697, "10": 0.997979797979798, "11": 0.9987373737373737, "12": 0.9997474747474747, "13": 1.0}