{"2": 0.5793367346938776, "3": 0.7989795918367347, "4": 0.9051020408163265, "5": 0.9479591836734694, "6": 0.9803571428571428, "7": 0.9923469387755102, "8": 0.9954081632653061, "9": 0.9979591836734694, "10": 0.9989795918367347, "11": 0.9997448979591836, "12": 1.0}